,label,gry,b,g,r,h,s,v,l,a,bl,gry_std,b_std,g_std,r_std,h_std,s_std,v_std,l_std,a_std,bl_std,gry_min,b_min,g_min,r_min,h_min,s_min,v_min,l_min,a_min,bl_min
0,3,77.6605814887467,30.857380936769175,94.18080136383755,63.05965150016665,44.86416811920465,172.80312327539573,94.27807860643779,92.61481971226088,104.99665597525859,159.58138492893949,15.181095870935522,12.78331040177181,15.813886723832368,16.881656373551955,3.3635276840859034,21.39982533404021,16.138678395274567,16.47037909722226,3.6376266306235117,5.0949453158017635,29.0,1.0,40.0,18.0,19.0,51.0,40.0,35.0,95.0,141.0
