,label,gry,b,g,r,h,s,v,l,a,bl,gry_std,b_std,g_std,r_std,h_std,s_std,v_std,l_std,a_std,bl_std,gry_min,b_min,g_min,r_min,h_min,s_min,v_min,l_min,a_min,bl_min
0,3,87.69522909195533,79.1847326832376,112.24735663128475,42.62176575761935,75.58942241494466,159.18900214757653,112.28957346458554,108.01604517103546,97.94091081905897,140.12309004408183,12.02589048228001,15.604405004397602,12.370741073909677,13.3732485143049,2.9239611695282504,23.567909054263822,12.566450764306847,12.321675515812961,3.184005969717618,3.2092505326330567,37.0,28.0,54.0,1.0,66.0,23.0,54.0,48.0,88.0,117.0
